Isolate_Id	PB2 Segment_Id	PB1 Segment_Id	PA Segment_Id	HA Segment_Id	Location	Host_Age	Host_Age_Unit	Host_Gender	Patient_Status	Zip_Code	Outbreak	Pathogen_Test_Info	Is_Vaccinated	Human_Specimen_Source	Animal_Specimen_Source	Animal_Health_Status	Domestic_Status	PMID	PB2 INSDC_Upload	PB1 INSDC_Upload	PA INSDC_Upload	HA INSDC_Upload	NP INSDC_Upload	NA INSDC_Upload	MP INSDC_Upload	NS INSDC_Upload	HE INSDC_Upload	P3 INSDC_Upload
EPI_ISL_244588				EPI895383 | A/Jordan/B1378/2011	Asia / Jordan																	KU933870		KU933906				
EPI_ISL_244587				EPI895382 | A/Jordan/B1376/2011	Asia / Jordan																	KU933869		KU933905				
EPI_ISL_244586				EPI895381 | A/Jordan/A0352/2011	Asia / Jordan																	KU933868		KU933904				
EPI_ISL_244585				EPI895380 | A/Jordan/C2312/2011	Asia / Jordan																	KU933867		KU933903				
EPI_ISL_244584				EPI895379 | A/Jordan/C2308/2011	Asia / Jordan																	KU933866		KU933902				
EPI_ISL_244583				EPI895378 | A/Jordan/B1370/2011	Asia / Jordan																	KU933865		KU933901				
EPI_ISL_244582				EPI895377 | A/Jordan/B1364/2011	Asia / Jordan																	KU933864		KU933900				
EPI_ISL_235364	EPI843074 | A/Budapest/1514A07804502N/2011	EPI843147 | A/Budapest/1514A07804502N/2011	EPI842847 | A/Budapest/1514A07804502N/2011	EPI843360 | A/Budapest/1514A07804502N/2011	Europe / Hungary														KT888283	KT888159	KT888510	KT889257	KT888443	KT888856	KT888235	KT888990		
EPI_ISL_235350	EPI843045 | A/Amman/1514A01004465T/2011	EPI843161 | A/Amman/1514A01004465T/2011	EPI842832 | A/Amman/1514A01004465T/2011	EPI843346 | A/Amman/1514A01004465T/2011	Asia / Jordan														KT888268	KT888144	KT888495	KT889242	KT888428	KT888841	KT888220	KT888975		
EPI_ISL_235316	EPI842001 | A/Japan/22/2011	EPI842494 | A/Japan/22/2011	EPI843090 | A/Japan/22/2011	EPI841968 | A/Japan/22/2011	Asia / Japan														KT889087	KT888755	KT888183	KT889134	KT889057	KT888577	KT888725	KT888693		
EPI_ISL_235303	EPI843170 | A/Pucallpa/FPU00370/2011	EPI842812 | A/Pucallpa/FPU00370/2011	EPI842470 | A/Pucallpa/FPU00370/2011	EPI842528 | A/Pucallpa/FPU00370/2011	South America / Peru														KT888094	KT888475	KT888821	KT888789	KT888077	KT888955	KT888111	KT889121		
EPI_ISL_235302	EPI843169 | A/Pucallpa/FPU00363/2011	EPI842811 | A/Pucallpa/FPU00363/2011	EPI842469 | A/Pucallpa/FPU00363/2011	EPI842527 | A/Pucallpa/FPU00363/2011	South America / Peru														KT888093	KT888474	KT888820	KT888788	KT888076	KT888954	KT888110	KT889120		
EPI_ISL_235301	EPI843168 | A/Piura/FPP01106/2011	EPI842810 | A/Piura/FPP01106/2011	EPI842468 | A/Piura/FPP01106/2011	EPI842526 | A/Piura/FPP01106/2011	South America / Peru														KT888092	KT888473	KT888819	KT888787	KT888075	KT888953	KT888109	KT889119		
EPI_ISL_235298	EPI843227 | A/Iquitos/FPI002788/2011	EPI842807 | A/Iquitos/FPI002788/2011	EPI842465 | A/Iquitos/FPI002788/2011	EPI842523 | A/Iquitos/FPI002788/2011	South America / Peru														KT888089	KT888470	KT888816	KT888784	KT888072	KT888950	KT888106	KT889116		
EPI_ISL_235274	EPI842231 | A/Philippines/FLU_PHC_0304/2011	EPI841914 | A/Philippines/FLU_PHC_0304/2011	EPI842747 | A/Philippines/FLU_PHC_0304/2011	EPI842720 | A/Philippines/FLU_PHC_0304/2011	Asia / Philippines														KT889022	KT889172	KT888542	KT888615	KT888328	KT888658	KT888371	KT888888		
EPI_ISL_235273	EPI842230 | A/Bulacao/FLU_PHC_0291/2011	EPI841913 | A/Bulacao/FLU_PHC_0291/2011	EPI842746 | A/Bulacao/FLU_PHC_0291/2011	EPI842719 | A/Bulacao/FLU_PHC_0291/2011	Asia / Philippines														KT889021	KT889171	KT888541	KT888614	KT888327	KT888657	KT888370	KT888887		
EPI_ISL_235268	EPI842225 | A/Philippines/FLU_PHB_0341/2011	EPI841908 | A/Philippines/FLU_PHB_0341/2011	EPI842741 | A/Philippines/FLU_PHB_0341/2011	EPI842714 | A/Philippines/FLU_PHB_0341/2011	Asia / Philippines														KT889016	KT889166	KT888536	KT888609	KT888322	KT888652	KT888365	KT888882		
EPI_ISL_235222	EPI842310 | A/San_Diego/FDX11070/2011	EPI842387 | A/San_Diego/FDX11070/2011	EPI843199 | A/San_Diego/FDX11070/2011	EPI841849 | A/San_Diego/FDX11070/2011	North America / United States														KT888938	KT888925	KT888124	KT889207	KT888406	KT888802	KT889220	KT888307		
EPI_ISL_206660				EPI691486 | A/Fukushima/01-23/2011	Asia / Japan / Fukushima																	LC091032						
EPI_ISL_206636				EPI691462 | A/Tokushima/35-25/2011	Asia / Japan / Tokushima																	LC091008						
EPI_ISL_206622				EPI691448 | A/Gifu/40-1v/2011	Asia / Japan / Gifu																	LC090990						
EPI_ISL_205351	EPI684639 | A/Thailand/CU-C2417/2011	EPI684697 | A/Thailand/CU-C2417/2011	EPI685163 | A/Thailand/CU-C2417/2011	EPI684770 | A/Thailand/CU-C2417/2011	Asia / Thailand														KP335699	KP335757	KP335815	KP335888	KP335990	KP336062	KP336165	KP336223		
EPI_ISL_196945				EPI646436 | A/Rio_de_Janeiro/1347/2011	South America / Brazil / Estado do Rio de Janeiro		Y																					
EPI_ISL_192746				EPI629806 | 15S0911	Oceania / Australia / Western Australia / Bickley	61	Y	Male					2014															
EPI_ISL_190079				EPI615161 | A/JiangxiDonghu/154.4/2011	Asia / China																	KR870228						
EPI_ISL_190078				EPI615160 | A/JiangxiDonghu/1467/2011	Asia / China																	KR870227						
EPI_ISL_175470				EPI576316 | HA_11BLN_T621	Europe / Germany	69	Y	Female																				
EPI_ISL_175461				EPI576307 | HA_11BAY_T594	Europe / Germany	48	Y	Male																				
EPI_ISL_175452				EPI576298 | HA_11BWB_T772	Europe / Germany		Y	Male																				
EPI_ISL_166364				EPI541908 | 11A713_H3N2_HA	Europe / Netherlands / Haarlem	7	M	Male																				
EPI_ISL_149847				EPI485302 | A/Tunisia/18048/2011	Africa / Tunisia																	JX978462						
EPI_ISL_149846				EPI485301 | A/Tunisia/17824/2011	Africa / Tunisia																	JX978461						
EPI_ISL_149845				EPI485300 | A/Tunisia/17604/2011	Africa / Tunisia																	JX978460						
EPI_ISL_149844				EPI485299 | A/Tunisia/17332/2011	Africa / Tunisia																	JX978459						
EPI_ISL_149843				EPI485298 | A/Tunisia/17076/2011	Africa / Tunisia																	JX978458						
EPI_ISL_149716	EPI484664 | 2011-22361_PB2	EPI484665 | 2011-22361_PB1	EPI484663 | 2011-22361_PA	EPI484667 | 2011-22361_HA	Europe / Sweden		Y																					
EPI_ISL_149712	EPI484632 | 2011-22360_PB2	EPI484633 | 2011-22360_PB1	EPI484631 | 2011-22360_PA	EPI484635 | 2011-22360_HA	Europe / Sweden		Y																					
EPI_ISL_148326				EPI476538 | A/Alberta/025/2011	North America / Canada / Alberta																	KF586727						
EPI_ISL_148325				EPI476537 | A/Alberta/024/2011	North America / Canada / Alberta																	KF586726						
EPI_ISL_148324				EPI476536 | A/Alberta/023/2011	North America / Canada / Alberta																	KF586725						
EPI_ISL_148323				EPI476535 | A/Alberta/022/2011	North America / Canada / Alberta																	KF586724						
EPI_ISL_147200				EPI472528 | A/Ontario/025/2011	North America / Canada / Ontario																	KF551067						
EPI_ISL_140715				EPI446550 | A/Minab/797/2011	"Asia / Iran, Islamic Republic of"																	KC865619		KC865620				
EPI_ISL_134271				EPI416788 | A/Casablanca/209/2011	Africa / Morocco																	KC430915						
EPI_ISL_134270				EPI416787 | A/Casablanca/199/2011	Africa / Morocco																	KC430914						
EPI_ISL_134269				EPI416786 | A/Casablanca/197/2011	Africa / Morocco																	KC430913						
EPI_ISL_134268				EPI416785 | A/Casablanca/186/2011	Africa / Morocco																	KC430912						
EPI_ISL_132430				EPI406874 | A/Milano/280/2011	Europe / Italy																	JX051182						
EPI_ISL_132429				EPI406873 | A/Milano/277/2011	Europe / Italy																	JX051181						
EPI_ISL_132428				EPI406872 | A/Milano/274/2011	Europe / Italy																	JX051180						
EPI_ISL_132427				EPI406871 | A/Milano/272/2011	Europe / Italy																	JX051179						
EPI_ISL_132426				EPI406870 | A/Milano/271/2011	Europe / Italy																	JX051178						
EPI_ISL_132425				EPI406869 | A/Milano/268/2011	Europe / Italy																	JX051177						
EPI_ISL_132423				EPI406867 | A/Milano/259/2011	Europe / Italy																	JX051175						
EPI_ISL_132422				EPI406866 | A/Milano/258/2011	Europe / Italy																	JX051174						
EPI_ISL_132421				EPI406865 | A/Milano/257/2011	Europe / Italy																	JX051173						
EPI_ISL_132420				EPI406864 | A/Milano/256/2011	Europe / Italy																	JX051172						
EPI_ISL_132097				EPI406017 | a-iceland-68-2011S3h3D	Europe / Iceland		Y																					
EPI_ISL_132029				EPI405932 | a-iceland-69-2011S2h3D	Europe / Iceland		Y																					
EPI_ISL_132028				EPI405930 | a-iceland-69-2011csh3D	Europe / Iceland		Y																					
EPI_ISL_132027				EPI405928 | a-iceland-68-2011csh3D	Europe / Iceland		Y																					
EPI_ISL_128347				EPI393494 | A/MOROCCO/184/2011	Africa / Morocco / Region de Souss-Massa-Draa / AGADIR	43	Y		Out-patient					Nasopharyngeal														
EPI_ISL_123071				EPI381107 | A/Singapore/TT879/2011	Asia / Singapore																	CY124501		CY124502				
EPI_ISL_123070				EPI381105 | A/Singapore/TT869/2011	Asia / Singapore																	CY124499		CY124500				
EPI_ISL_123069				EPI381103 | A/Singapore/TT849/2011	Asia / Singapore																	CY124497		CY124498				
EPI_ISL_123068				EPI381101 | A/Singapore/TT837/2011	Asia / Singapore																	CY124495		CY124496				
EPI_ISL_123067				EPI381099 | A/Singapore/TT827/2011	Asia / Singapore	77																CY124493		CY124494				
EPI_ISL_123066				EPI381097 | A/Singapore/TT816/2011	Asia / Singapore																	CY124491		CY124492				
EPI_ISL_123065				EPI381095 | A/Singapore/TT815/2011	Asia / Singapore																	CY124489		CY124490				
EPI_ISL_123064				EPI381093 | A/Singapore/TT802/2011	Asia / Singapore																	CY124487		CY124488				
EPI_ISL_123063				EPI381091 | A/Singapore/TT787/2011	Asia / Singapore	84																CY124485		CY124486				
EPI_ISL_123007				EPI380979 | A/Singapore/KK581/2011	Asia / Singapore	5																CY124373		CY124374				
EPI_ISL_123006				EPI380977 | A/Singapore/KK566/2011	Asia / Singapore		M	Male														CY124371		CY124372				
EPI_ISL_123005				EPI380975 | A/Singapore/KK564/2011	Asia / Singapore	3		Female														CY124369		CY124370				
EPI_ISL_123004				EPI380973 | A/Singapore/KK535/2011	Asia / Singapore	1		Male														CY124367		CY124368				
EPI_ISL_122966				EPI380897 | A/Singapore/GP1935/2011	Asia / Singapore	44		Male														CY124291		CY124292				
EPI_ISL_122965				EPI380895 | A/Singapore/GP1905/2011	Asia / Singapore	17		Female														CY124289		CY124290				
EPI_ISL_122964				EPI380893 | A/Singapore/GP1873/2011	Asia / Singapore	59		Female														CY124287		CY124288				
EPI_ISL_122962				EPI380889 | A/Singapore/GP1846/2011	Asia / Singapore	9		Female														CY124283		CY124284				
EPI_ISL_122961				EPI380887 | A/Singapore/GP1838/2011	Asia / Singapore	19		Female														CY124281		CY124282				
EPI_ISL_122960				EPI380885 | A/Singapore/GP1818/2011	Asia / Singapore	22		Female														CY124279		CY124280				
EPI_ISL_122959				EPI380883 | A/Singapore/GP1814/2011	Asia / Singapore	31		Male														CY124277		CY124278				
EPI_ISL_122958				EPI380881 | A/Singapore/GP1810/2011	Asia / Singapore	42		Male														CY124275		CY124276				
EPI_ISL_122902				EPI380769 | A/Singapore/EN514/2011	Asia / Singapore	7		Female														CY124163		CY124164				
EPI_ISL_122659				EPI379794 | a-iceland-69-2011h3D	Europe / Iceland		Y	Female																				
EPI_ISL_122658				EPI379792 | a-iceland-68-2011h3D	Europe / Iceland		Y	Male																				
EPI_ISL_122171				EPI378216 | 2012786426_218722_v1_4	North America / Puerto Rico	38	Y	Female																				
EPI_ISL_122130				EPI378097 | 2012786856_218094_v1_4	Asia / Bahrain	41	Y	Female																				
EPI_ISL_122129				EPI378094 | 2012786855_218093_v1_4	Asia / Bahrain	27	Y	Male																				
EPI_ISL_121883				EPI377242 | A/IBARAKI/194/2011_MDCK1+1_HA	Asia / Japan		Y																					
EPI_ISL_121479				EPI376441 | 12IRL00244_HA	Europe / Ireland		Y																					
EPI_ISL_121476				EPI376438 | 11IRL92922_HA	Europe / Ireland		Y																					
EPI_ISL_121475				EPI376437 | 11IRL92761_HA	Europe / Ireland		Y																					
EPI_ISL_121474				EPI376436 | 11IRL92698_HA	Europe / Ireland		Y																					
EPI_ISL_121473				EPI376435 | 11IRL92386_HA	Europe / Ireland		Y																					
EPI_ISL_121472				EPI376434 | 11IRL92381_HA	Europe / Ireland		Y																					
EPI_ISL_121210				EPI375484 | A/OSAKA/132/2011_MDCK2+1_HA	Asia / Japan		Y																					
EPI_ISL_121209				EPI375482 | A/KANAGAWA/94/2011_MDCK2+1_HA	Asia / Japan		Y																					
EPI_ISL_120294				EPI372976 | A/Sweden/4/2011	Europe / Sweden / Dalarnas Lan / Hedemora Kommun	47	Y	Male						Nasopharyngeal														
EPI_ISL_119869				EPI371946 | 2012786087_216079_v1_4	"Asia / Lao, People's Democratic Republic"	2	Y	Female																				
EPI_ISL_118773				EPI370486 | 88839.4	Europe / Romania		Y	Female																				
EPI_ISL_118656				EPI370334 | A/Bacau/88448/2011	Europe / Romania / Judetul Bacau	11	Y	Male						Nasopharyngeal														
EPI_ISL_118652				EPI370321 | 12S0235	Asia / Cambodia / Krong Phnum Penh / Phnom Penh		Y																					
EPI_ISL_118611				EPI370144 | 12S0290	Oceania / Australia / Queensland	3	Y	Female																				
EPI_ISL_118610				EPI370141 | 12S0289	Oceania / Australia / Queensland / Redlands	1	Y	Female																				
EPI_ISL_118609	EPI394054 | 12S1759	EPI394053 | 12S1760	EPI394055 | 12S1761	EPI370138 | 12S0288	Oceania / Australia / Queensland / Mackay	86	Y	Male																				
EPI_ISL_118608				EPI370135 | 12S0287	Oceania / Australia / Western Australia / Nollamara	2	Y	Male																				
EPI_ISL_118607	EPI376938 | 12S0753	EPI376939 | 12S0759	EPI376937 | 12S0765	EPI370132 | 12S0286	Oceania / Australia / Western Australia / York	73	Y	Male																				
EPI_ISL_118588	EPI376955 | 12S0752	EPI376956 | 12S0758	EPI376954 | 12S0764	EPI370074 | 12S0156	Oceania / Australia / Victoria / Melbourne	27	Y	Female																				
EPI_ISL_118582				EPI370060 | 12S0121	Asia / Sri Lanka / North Central	10	Y																					
EPI_ISL_118579				EPI370051 | 12S0101	Oceania / Australia / Victoria / Melbourne	21	Y	Female																				
EPI_ISL_117489				EPI368938 | a-turkey-25-2011h3D	Asia / Turkey	26	Y	Male																				
EPI_ISL_117488				EPI368936 | a-turkey-09-2011h3D	Asia / Turkey	32	Y	Male																				
EPI_ISL_117487				EPI368935 | a-trieste-61-2011h3D	Europe / Italy	1	Y	Male																				
EPI_ISL_117476				EPI368913 | a-milano-256-2011h3D	Europe / Italy	44	Y	Female																				
EPI_ISL_117462				EPI368886 | a-cairo-83-2011S3h3D	Africa / Egypt		Y																					
EPI_ISL_117461				EPI368884 | a-cairo-83-2011csh3D	Africa / Egypt		Y																					
EPI_ISL_117460				EPI368882 | a-cairo-79-2011csh3D	Africa / Egypt		Y																					
EPI_ISL_117459				EPI368880 | a-cairo-66-2011csh3D	Africa / Egypt		Y																					
EPI_ISL_117458				EPI368879 | a-cairo-65-2011csh3D	Africa / Egypt		Y																					
EPI_ISL_117443				EPI368850 | a-burgos-51-2011h3D	Europe / Spain	76	Y	Male																				
EPI_ISL_117020				EPI368363 | A/ENG/266/2011	Europe / United Kingdom / Leeds		Y																					
EPI_ISL_117019				EPI368362 | A/ENG/115280113/2011	Europe / United Kingdom / London		Y																					
EPI_ISL_116152				EPI367633 | A/OSAKA-C/18/2011_MDCK1+1_HA	Asia / Japan		Y																					
EPI_ISL_114053				EPI365377 | A/Florida/AF2776/2011	North America / United States / Florida	58		Female														CY112107						
EPI_ISL_114049				EPI365373 | A/Japan/AF2772/2011	Asia / Japan	6		Female														CY112103						
EPI_ISL_114048				EPI365372 | A/Guam/AF2771/2011	Oceania / Guam	39		Female														CY112102						
EPI_ISL_114046				EPI365370 | A/Colorado/AF2769/2011	North America / United States / Colorado	9		Male														CY112100						
EPI_ISL_113012				EPI364377 | A/Astrakhan/RII65/2011	Europe / Russian Federation / Astrakhan Oblast 	30		Female														CY114553	CY114554	CY114555	CY114556	CY114557		
EPI_ISL_111431				EPI363079 | A/FUKUOKA-C/69/2011_MDCK2+1_HA	Asia / Japan		Y																					
EPI_ISL_111430				EPI363077 | A/HYOGO/1091/2011_MDCK2+1_HA	Asia / Japan		Y																					
EPI_ISL_111424				EPI363065 | A/SAITAMA/326/2011_MDCK2+1_HA	Asia / Japan		Y																					
EPI_ISL_111421				EPI363059 | A/TOYAMA/161/2011_MDCK1+1_HA	Asia / Japan		Y																					
EPI_ISL_111420				EPI363057 | A/GIFU-C/40/2011_MDCK1+1_HA	Asia / Japan		Y																					
EPI_ISL_111416				EPI363047 | 2012704306_212185_v1_4	North America / United States / Hawaii	15	Y	Male																				
EPI_ISL_107952				EPI359211 | A/Umea/7/2011	Europe / Sweden / Vasterbottens Lan / Umea Kommun	84	Y	Female						Nasopharyngeal														
EPI_ISL_107949				EPI359209 | A/Umea/6/2011	Europe / Sweden / Vasterbottens Lan / Umea Kommun	81	Y	Female						Nasopharyngeal														
EPI_ISL_107916				EPI359076 | 2012702886_211189_v1_4	"Africa / Tanzania, United Republic of"	38	Y	Female																				
EPI_ISL_107904				EPI359047 | a-turkey-38-2011h3D	Asia / Turkey		Y	Male																				
EPI_ISL_107903				EPI359045 | a-turkey-35-2011h3D	Asia / Turkey		Y	Male																				
EPI_ISL_107902				EPI359043 | a-turkey-33-2011h3D	Asia / Turkey	5	Y	Female																				
EPI_ISL_107901				EPI359041 | a-turkey-20-2011S3h3D	Asia / Turkey	28	Y	Male																				
EPI_ISL_107900				EPI359039 | a-turkey-20-2011S2h3D	Asia / Turkey	28	Y	Male																				
EPI_ISL_107899				EPI359037 | a-turkey-20-2011S1h3D	Asia / Turkey	28	Y	Male																				
EPI_ISL_107898				EPI359035 | a-turkey-15-2011h3D	Asia / Turkey	20	Y	Female																				
EPI_ISL_107897				EPI359033 | a-turkey-02-2011h3D	Asia / Turkey	29	Y	Male																				
EPI_ISL_107891				EPI359021 | a-sueava-87402-2011h3D	Europe / Romania	59	Y	Male																				
EPI_ISL_107890				EPI359019 | a-stockholm-979-2012h3	Europe / Sweden		Y	Female																				
EPI_ISL_107887				EPI359013 | a-stockholm-42-2011h3	Europe / Sweden		Y																					
EPI_ISL_107886				EPI359011 | a-stockholm-40-2011h3	Europe / Sweden		Y	Female																				
EPI_ISL_107873				EPI358985 | a-latvia-12-47890p-2011h3D	Europe / Latvia	4	Y	Female																				
EPI_ISL_107870				EPI358979 | a-jordan-780-2011h3D	Asia / Jordan	50	Y	Male																				
EPI_ISL_107869				EPI358977 | a-jordan-749-2011h3D	Asia / Jordan	23	Y	Female																				
EPI_ISL_107868				EPI358975 | a-jordan-732-2011h3D	Asia / Jordan	8	Y	Female																				
EPI_ISL_107867				EPI358973 | a-jordan-706-2011h3D	Asia / Jordan	43	Y	Male																				
EPI_ISL_107864				EPI358967 | a-izmir-251-2011h3D	Asia / Turkey	40	Y	Male																				
EPI_ISL_107863				EPI358965 | a-izmir-182-2011h3D	Asia / Turkey	10	Y	Male																				
EPI_ISL_107862				EPI358963 | a-izmir-176-2011h3D	Asia / Turkey	9	Y	Male																				
EPI_ISL_107861				EPI358961 | a-istanbul-249-2011h3D	Asia / Turkey	8	Y	Male																				
EPI_ISL_107860				EPI358959 | a-istanbul-202-2011h3D	Asia / Turkey	7	Y	Male																				
EPI_ISL_107859				EPI358957 | a-istanbul-179-2011h3D	Asia / Turkey	1	Y	Male																				
EPI_ISL_107851				EPI358941 | a-iasi-88839-2012h3D	Europe / Romania		Y	Female																				
EPI_ISL_107849				EPI358937 | a-galati-88977-2011h3D	Europe / Romania	10	Y	Male																				
EPI_ISL_107843				EPI358925 | a-bursa-250-2011h3D	Asia / Turkey	10	Y	Male																				
EPI_ISL_107842				EPI358923 | a-bursa-238-2011h3D	Asia / Turkey	28	Y	Male																				
EPI_ISL_107841				EPI358921 | a-bursa-237-2011h3D	Asia / Turkey	32	Y	Male																				
EPI_ISL_107835				EPI358909 | a-bacau-88448-2012h3D	Europe / Romania	11	Y	Male																				
EPI_ISL_107819				EPI358877 | a-antalya-214-2011h3D	Asia / Turkey	10	Y	Female																				
EPI_ISL_107818				EPI358875 | a-antalya-204-2011h3D	Asia / Turkey	12	Y	Male																				
EPI_ISL_107817				EPI358873 | a-andalucia-rr8946-2011h3D	Europe / Spain	38	Y	Male																				
EPI_ISL_107027				EPI358001 | 2012702878_210586_v1_4	"Africa / Tanzania, United Republic of"	53	Y	Male																				
EPI_ISL_107026				EPI357998 | 2012702825_210323_v1_4	North America / United States / Arizona	38	Y	Male																				
EPI_ISL_106790				EPI357497 | A/Kenya/181/2011 	Africa / Kenya / Nyanza Province	27	Y	Male	Out-patient	254				Nasopharyngeal														
EPI_ISL_106771				EPI357464 | A/Reims/039/2011	Europe / France / Champagne-Ardenne	3	M	Female						Nasopharyngeal														
EPI_ISL_106769				EPI357458 | A/Paris/007/2011	Europe / France / Region Ile-de-France	4	Y	Female						Nasopharyngeal														
EPI_ISL_106768				EPI357455 | A/Paris/2154/2011	Europe / France / Region Ile-de-France	35	Y	Female						Nasopharyngeal														
EPI_ISL_106651				EPI357329 | A/Pays_de_Loire/2149/2011	Europe / France / Region Pays de la Loire	4	Y	Female						Nasopharyngeal														
EPI_ISL_106650				EPI357326 | A/Paris/2133/2011	Europe / France / Region Ile-de-France	64	Y	Male		91650			2011	Nasopharyngeal														
EPI_ISL_106649				EPI357324 | A/Paris/2129/2011	Europe / France / Region Ile-de-France	5	Y	Female		78990																		
EPI_ISL_106648				EPI357321 | A/Paris/2116/2011	Europe / France / Region Ile-de-France	22	Y	Female		75018																		
EPI_ISL_106647				EPI357318 | A/Paris/2114/2011	Europe / France / Region Ile-de-France	2	Y	Male		75005				Nasopharyngeal														
EPI_ISL_106646				EPI357315 | A/Paris/2100/2011	Europe / France / Region Ile-de-France	30	Y	Female		93160				Nasopharyngeal														
EPI_ISL_106645				EPI357312 | A/Paris/2097/2011	Europe / France / Region Ile-de-France / Departement de Ville-de-Paris	40	Y	Female		75019																		
EPI_ISL_106644				EPI357309 | A/Lorraine/2073/2011	Europe / France / Region Lorraine	5	Y	Female		57500				Nasopharyngeal														
EPI_ISL_106643				EPI357267 | A/Lorraine/2056/2011	Europe / France / Region Lorraine	33	Y	Male		88200				Nasopharyngeal														
EPI_ISL_106642				EPI357264 | A/Paris/2013/2011	Europe / France / Region Ile-de-France / Departement des Yvelines	7	Y	Female		78180																		
EPI_ISL_106104				EPI356598 | 2012703525_210596_v1_4	Europe / Russian Federation	30	Y																					
EPI_ISL_105879				EPI356251 | A/Luxembourg/1187/2011	Europe / Luxembourg / District de Luxembourg		Y																					
EPI_ISL_105867				EPI356228 | A/Austria/124/2011	Europe / Austria / Bundesland Wien	5	Y	Female	Out-patient					Sputum														
EPI_ISL_105812				EPI356172 | A/Austria/123/2011	Europe / Austria / Burgenland	37	Y	Male	Out-patient					Nasopharyngeal														
EPI_ISL_104817				EPI355020 | A/NAGANO-C/53/2011_CaCo-23+1_HA	Asia / Japan		Y																					
EPI_ISL_104816				EPI355018 | A/HYOGO/2005/2011_MDCK2+1_HA	Asia / Japan		Y																					
EPI_ISL_104815				EPI355016 | A/YAMAGATA/312/2011_MDCK2+1_HA	Asia / Japan		Y																					
EPI_ISL_104814				EPI355014 | A/FUKUI/84/2011_MDCK1+1_HA	Asia / Japan		Y																					
EPI_ISL_104813				EPI355012 | A/MIE/31/2011_MDCK1+1_HA	Asia / Japan		Y																					
EPI_ISL_104812				EPI355010 | A/TOYAMA/160/2011_MDCK1+1_HA	Asia / Japan		Y																					
EPI_ISL_104144				EPI354201 | a-netherlands-713-2011h3D	Europe / Netherlands		Y	Male																				
EPI_ISL_104143				EPI354199 | a-netherlands-710-2011h3D	Europe / Netherlands		Y	Male																				
EPI_ISL_104142				EPI354197 | a-turkey-32-2011h3D	Asia / Turkey	29	Y	Female																				
EPI_ISL_104141				EPI354195 | a-turkey-28-2011h3D	Asia / Turkey	20	Y	Female																				
EPI_ISL_104140				EPI354193 | a-turkey-23-2011h3D	Asia / Turkey	28	Y	Female																				
EPI_ISL_104139				EPI354191 | a-ireland-11v9451-2011h3D	Europe / Ireland		Y	Female																				
EPI_ISL_104138				EPI354189 | a-ireland-11m92698-2011h3D	Europe / Ireland		Y	Female																				
EPI_ISL_104137				EPI354187 | a-israel-35-2011h3D	Asia / Israel		Y	Female																				
EPI_ISL_104136				EPI354185 | a-israel-45-2011h3	Asia / Israel		Y	Male																				
EPI_ISL_104135				EPI354183 | a-firenze-2-2011h3D	Europe / Italy	10	Y	Male																				
EPI_ISL_104134				EPI354181 | a-milano-256-2011h3D	Europe / Italy	44	Y	Female																				
EPI_ISL_104133				EPI354180 | a-milano-268-2011h3D	Europe / Italy	78	Y	Male																				
EPI_ISL_104132				EPI354178 | a-trieste-60-2011h3D	Europe / Italy	81	Y	Female																				
EPI_ISL_104131				EPI354177 | a-trieste-61-2011h3D	Europe / Italy	1	Y	Male																				
EPI_ISL_104130				EPI354176 | a-turkey-04-2011h3D	Asia / Turkey	24	Y	Male																				
EPI_ISL_104129				EPI354174 | a-israel-52-2011h3D	Asia / Israel		Y	Female																				
EPI_ISL_104127				EPI354170 | a-rheinpfalz-75-2011h3D	Europe / Germany		Y																					
EPI_ISL_104123				EPI354162 | a-milano-265-2011h3D	Europe / Italy	39	Y	Male																				
EPI_ISL_104122				EPI354160 | a-firenze-3-2011h3D	Europe / Italy	33	Y																					
EPI_ISL_104118				EPI354152 | a-switzer-5776029-2011h3D	Europe / Switzerland		Y																					
EPI_ISL_104117				EPI354150 | a-trieste-59-2011h3D	Europe / Italy	4	Y	Female																				
EPI_ISL_104116				EPI354148 | a-trieste-63-2011h3D	Europe / Italy	33	Y	Male																				
EPI_ISL_104114				EPI354144 | a-turkey-16-2011h3D	Asia / Turkey	28	Y	Female																				
EPI_ISL_104113				EPI354142 | a-turkey-12-2011h3D	Asia / Turkey	25	Y	Female																				
EPI_ISL_104112				EPI354140 | a-turkey-08-2011h3D	Asia / Turkey	28	Y	Female																				
EPI_ISL_104109				EPI354134 | a-parma-176-2011h3D	Europe / Italy	71	Y	Male																				
EPI_ISL_104019				EPI353940 | A/Stockholm/38/2011	Europe / Sweden / Gavleborgs Lan / Gavle Kommun		Y							Nasopharyngeal														
EPI_ISL_104018				EPI353935 | A/Stockholm/49/2011	Europe / Sweden / Skane Lan / Malmo Kommun	13	Y	Male						Nasopharyngeal														
EPI_ISL_104013				EPI353928 | A/Latvia/12-47890/2011	Europe / Latvia / Riga	4	Y	Female	Recovered					Nasopharyngeal														
EPI_ISL_104009				EPI353916 | A/Umea/5/2011	Europe / Sweden / Vasterbottens Lan / Umea Kommun	5	Y	Male						Nasopharyngeal														
EPI_ISL_103757				EPI353498 | 2012702482_209149_v1_4	North America / Canada	97	Y	Female																				
EPI_ISL_103755				EPI353492 | 2012702657_209394_v1_4	Asia / Hong Kong (SAR)	69	Y	Male																				
EPI_ISL_103745				EPI353461 | 2012702470_209065_v1_4	North America / Canada	37	Y	Female																				
EPI_ISL_103645				EPI353312 | A/OSAKA/134/2011_MDCK2+1_HA	Asia / Japan		Y																					
EPI_ISL_103636				EPI353272 | A/Jeonnam/690/2011_MDCK2+1_HA	"Asia / Korea, Republic of"		Y																					
EPI_ISL_103635				EPI353270 | A/Incheon/668/2011_MDCK2+1_HA	"Asia / Korea, Republic of"		Y																					
EPI_ISL_103634				EPI353268 | A/Gyeonggi/700/2011_MDCK2+1_HA	"Asia / Korea, Republic of"		Y																					
EPI_ISL_103633				EPI353266 | A/Gyeongbuk/712/2011_MDCK2+1_HA	"Asia / Korea, Republic of"		Y																					
EPI_ISL_103631				EPI353262 | A/Daegu/694/2011_MDCK2+1_HA	"Asia / Korea, Republic of"		Y																					
EPI_ISL_103628				EPI353256 | A/Busan/701/2011_MDCK2+1_HA	"Asia / Korea, Republic of"		Y																					
EPI_ISL_103627				EPI353254 | A/SAKAI/51/2011_MDCK2+1_HA	Asia / Japan		Y																					
EPI_ISL_103626				EPI353252 | A/YOKOHAMA/157/2011_MDCK2+1_HA	Asia / Japan		Y																					
EPI_ISL_103625				EPI353250 | A/YAMAGUCHI/77/2011_MDCK1+1_HA	Asia / Japan		Y																					
EPI_ISL_103618				EPI353242 | A/TOCHIGI/96/2011_MDCK5_HA	Asia / Japan		Y																					
EPI_ISL_103617				EPI353241 | A/GIFU-C/37/2011_MDCK1_HA	Asia / Japan		Y																					
EPI_ISL_103613				EPI353237 | A/SAPPORO/190/2011_MDCK1_HA	Asia / Japan		Y																					
EPI_ISL_103612				EPI353236 | A/SAPPORO/189/2011_MDCK1_HA	Asia / Japan		Y																					
EPI_ISL_103611				EPI353235 | A/HIROSHIMA/123/2011_MDCK4_HA	Asia / Japan		Y																					
EPI_ISL_103610				EPI353234 | A/SAKAI/49/2011_MDCK2_HA	Asia / Japan		Y																					
EPI_ISL_103609				EPI353233 | A/OSAKA/125/2011_MDCK2_HA	Asia / Japan		Y																					
EPI_ISL_103607				EPI353231 | A/YOKOHAMA/156/2011_MDCK2_HA	Asia / Japan		Y																					
EPI_ISL_103606				EPI353230 | A/YAMAGUCHI/76/2011_MDCK2_HA	Asia / Japan		Y																					
EPI_ISL_103605				EPI353229 | A/KOBE/270/2011_MDCK1_HA	Asia / Japan		Y																					
EPI_ISL_103310				EPI352811 | a-ghom-9677-2011h3D	"Asia / Iran, Islamic Republic of"		Y	Female																				
EPI_ISL_103305				EPI352801 | a-oujda-144H-2011h3D	Africa / Morocco	77	Y	Male																				
EPI_ISL_103299				EPI352787 | a-norway-2431-2011h3D	Europe / Norway		Y	Female																				
EPI_ISL_103298				EPI352785 | a-norway-2400-2011h3D	Europe / Norway		Y	Female																				
EPI_ISL_103297				EPI352783 | a-norway-2329-2011h3D	Europe / Norway		Y	Male																				
EPI_ISL_103293				EPI352775 | a-hongkong-5047-2011h3D	Asia / Hong Kong (SAR)	14	Y	Female																				
EPI_ISL_103285				EPI352759 | a-rabat-197-2011h3D	Africa / Morocco	31	Y	Female																				
EPI_ISL_103284				EPI352757 | a-tiznit-167-2011h3D	Africa / Morocco	87	Y	Male																				
EPI_ISL_103283				EPI352755 | a-casablanca-155-2011h3D	Africa / Morocco	3	Y	Male																				
EPI_ISL_103282				EPI352753 | a-agadir-87-2011h3D	Africa / Morocco	43	Y	Male																				
EPI_ISL_103281				EPI352751 | a-norway-2442-2011h3D	Europe / Norway		Y	Female																				
EPI_ISL_103274				EPI352736 | a-belgium-G1147-2011h3D	Europe / Belgium		Y	Female																				
EPI_ISL_103273				EPI352734 | a-belgium-G1125-2011h3D	Europe / Belgium		Y	Male																				
EPI_ISL_103272				EPI352732 | a-belgium-G1109-2011h3D	Europe / Belgium		Y	Male																				
EPI_ISL_103269				EPI352726 | a-madrid-rr8856-2011h3D	Europe / Spain	28	Y	Female																				
EPI_ISL_103268				EPI352724 | a-cm-rr8871-2011h3D	Europe / Spain	1	Y	Male																				
EPI_ISL_103267				EPI352722 | a-cm-rr8870-2011h3D	Europe / Spain	2	Y	Female																				
EPI_ISL_103266				EPI352720 | a-pv-rr8867-2011h3D	Europe / Spain	4	Y																					
EPI_ISL_103265				EPI352718 | a-pv-rr8864-2011h3D	Europe / Spain	4	Y																					
EPI_ISL_103264				EPI352716 | a-cm-rr8843-2011h3D	Europe / Spain	5	Y	Female																				
EPI_ISL_103262				EPI352711 | a-slovenia-2970-2011h3D	Europe / Slovenia	2	Y	Female																				
EPI_ISL_103261				EPI352709 | a-slovenia-2855-2011h3D	Europe / Slovenia		Y	Female																				
EPI_ISL_103259				EPI352705 | a-berlin-92-2011h3D	Europe / Germany		Y	Female																				
EPI_ISL_103258				EPI352703 | a-berlin-91-2011h3D	Europe / Germany		Y	Male																				
EPI_ISL_103257				EPI352701 | a-berlin-89-2011h3D	Europe / Germany		Y	Male																				
EPI_ISL_103256				EPI352699 | a-berlin-88-2011h3D	Europe / Germany		Y	Male																				
EPI_ISL_103253				EPI352695 | a-berlin-85-2011h3D	Europe / Germany		Y	Male																				
EPI_ISL_103251				EPI352691 | a-berlin-86-2011h3D	Europe / Germany		Y	Female																				
EPI_ISL_103250				EPI352689 | a-berlin-87-2011h3D	Europe / Germany		Y	Female																				
EPI_ISL_103247				EPI352683 | a-netherlands-702-2011h3D	Europe / Netherlands		Y	Male																				
EPI_ISL_103139				EPI353477 | 2012701966_208960_v1_4	North America / United States / Delaware	3	Y	Male																				
EPI_ISL_102992				EPI352221 | 2012701962_208900_v1_4	North America / United States / Pennsylvania	54	Y	Male																				
EPI_ISL_102991				EPI352218 | 2012702497_208985_v1_4	North America / United States / New York	2	Y	Male																				
EPI_ISL_102987				EPI352206 | 2012705034_208143_v1_4	North America / United States / Indiana	2	Y	Male																				
EPI_ISL_102986				EPI352203 | 2012701970_208813_v1_4	North America / United States / New Mexico	4	Y	Female																				
EPI_ISL_102983				EPI352194 | 2012705046_208228_v1_4	North America / United States / Colorado	49	Y	Male																				
EPI_ISL_102583				EPI351730 | A/Uppsala/12/2011	Europe / Sweden / Uppsala Lan	35	Y	Male						Nasopharyngeal														
EPI_ISL_102582				EPI351727 | A/Ostersund/2/2011	Europe / Sweden / Jamtlands Lan / Oestersund municipality	77	Y	Female						Nasopharyngeal														
EPI_ISL_102581				EPI351725 | A/Stockholm/44/2011	Europe / Sweden / Stockholms Lan	4	Y	Male						Nasopharyngeal														
EPI_ISL_102519				EPI351644 | A/Stockholm/42/2011	Europe / Sweden / Stockholms Lan	63	Y	Female						Nasopharyngeal														
EPI_ISL_102516				EPI351639 | A/Stockholm/43/2011	Europe / Sweden / Stockholms Lan	78	Y	Male						Nasopharyngeal														
EPI_ISL_102507				EPI351632 | A/Uppsala/11/2011	Europe / Sweden / Uppsala Lan / Uppsala Kommun	66	Y	Female						Nasopharyngeal														
EPI_ISL_102503				EPI351627 | A/Stockholm/41/2011	Europe / Sweden / Stockholms Lan	38	Y	Male						Nasopharyngeal														
EPI_ISL_102488				EPI351557 | A/Stockholm/45/2011	Europe / Sweden / Stockholms Lan	57	Y	Female						Nasopharyngeal														
EPI_ISL_102475				EPI351413 | A/Uppsala/10/2011	Europe / Sweden / Uppsala Lan / Uppsala Kommun	37	Y	Female						Nasopharyngeal														
EPI_ISL_102473				EPI351408 | A/Stockholm/40/2011	Europe / Sweden / Skane Lan / Malmo Kommun	80	Y	Female						Nasopharyngeal														
EPI_ISL_102468				EPI351399 | A/Malmoe/15/2011	Europe / Sweden / Skane Lan / Malmo Kommun	74	Y	Female						Nasopharyngeal														
EPI_ISL_102467				EPI351397 | A/Stockholm/39/2011	Europe / Sweden / Uppsala Lan	42	Y	Female						Nasopharyngeal														
EPI_ISL_102461				EPI351315 | 2012703017_208375_v1_4	North America / United States / Minnesota	32	Y	Male																				
EPI_ISL_102460				EPI351312 | 2012701942_208371_v1_4	North America / United States / Michigan		Y	Female																				
EPI_ISL_102459				EPI351309 | 2012701939_208370_v1_4	North America / United States / Wyoming	6	Y	Female																				
EPI_ISL_102458				EPI351306 | 2012701932_208367_v1_4	North America / United States / New Hampshire	19	Y																					
EPI_ISL_102455				EPI351298 | 2012703009_208180_v1_4	North America / United States / Wisconsin	41	Y	Male																				
EPI_ISL_102453				EPI351292 | 2012701909_208166_v1_4	North America / United States / Texas	9	Y	Male																				
EPI_ISL_102452				EPI351290 | 2012701906_208165_v1_4	North America / United States / South Carolina	42	Y	Female																				
EPI_ISL_102451				EPI351287 | 2012701934_208276_v1_4	North America / United States / Maryland	44	Y	Female																				
EPI_ISL_102450				EPI351285 | 2012701913_208274_v1_4	North America / United States / Vermont	80	Y	Male																				
EPI_ISL_102448				EPI351280 | 2012704058_208138_v1_4	North America / United States / Iowa	85	Y	Male																				
EPI_ISL_102393				EPI351216 | A/Uppsala/9/2011	Europe / Sweden / Uppsala Lan / Uppsala Kommun	39	Y	Female						Nasopharyngeal														
EPI_ISL_101917				EPI349758 | 2012704033_207754_v1_4	North America / United States / California	2	Y	Male																				
EPI_ISL_101915				EPI349752 | 2012701688_207781_v1_4	North America / United States / North Carolina	53	Y	Female																				
EPI_ISL_101599				EPI349384 | 2012701803_207989_v1_4	North America / United States / Washington	39	Y																					
EPI_ISL_101597				EPI349378 | 2012701824_208025_v1_4	North America / United States / Kansas	27	Y	Male																				
EPI_ISL_101596				EPI349374 | 2012701826_208020_v1_4	North America / United States / Alabama	6	Y	Male																				
EPI_ISL_101595				EPI349371 | 2012703014_208009_v1_4	North America / United States / Nebraska	34	Y	Female																				
EPI_ISL_101393				EPI348662 | A/Catalonia/S4345/2011	Europe / Spain / Catalonia	1	Y	Male						Nasopharyngeal														
EPI_ISL_101392				EPI348659 | A/Catalonia/S4320/2011	Europe / Spain / Catalonia	29	Y	Male						Nasopharyngeal														
EPI_ISL_101390				EPI348654 | A/Valencia/S025243/2011	Europe / Spain / Valencian Community		Y							Nasopharyngeal														
EPI_ISL_101338				EPI348403 | A/HYOGO/2004/2011_MDCK1_HA	Asia / Japan		Y																					
EPI_ISL_100510				EPI347667 | A/Norway/2376/2011	Europe / Norway / Vest-Agder Fylke	3	Y	Female	Out-patient		Sporadic																	
EPI_ISL_100499				EPI347638 | A/Norway/2329/2011	Europe / Norway / More og Romsdal Fylke	58	Y	Male	Out-patient		Sporadic			Nasopharyngeal														
EPI_ISL_100498				EPI347637 | A/Norway/2367/2011	Europe / Norway / Oslo Fylke / Oslo	6	Y	Female	In-patient		Sporadic			Nasopharyngeal														
EPI_ISL_100497				EPI347636 | A/Norway/2366/2011	Europe / Norway / Oslo Fylke / Oslo		Y	Male	In-patient		Sporadic			Nasopharyngeal														
EPI_ISL_100482				EPI347617 | A/ENG/262/2011	Europe / United Kingdom / Middlesex		Y																					
EPI_ISL_100481				EPI347616 | A/ENG/115180361/2011	Europe / United Kingdom / Leeds		Y																					
EPI_ISL_100471				EPI347594 | A/Vaxjo/1/2011	Europe / Sweden / Kronobergs Lan / Vaxjo Kommun	46	Y	Female						Nasopharyngeal														
EPI_ISL_100470				EPI347591 | A/Stockholm/31/2011	Europe / Sweden / Stockholms Lan	60	Y	Female						Nasopharyngeal														
EPI_ISL_100443				EPI347526 | 2012701687_207664_v1_4	North America / United States / North Carolina	57	Y	Male																				
EPI_ISL_100422				EPI347466 | 2012701665_207660_v1_4	North America / United States / Arkansas	7	Y	Male																				
EPI_ISL_100273				EPI347309 | A/Austria/01/2012	Europe / Austria / Burgenland	37	Y	Male	Out-patient					Nasopharyngeal														
EPI_ISL_100055				EPI346921 | 2012701698_207557_v1_4	North America / United States / West Virginia	3	Y	Male														JQ348839		JQ348840				
EPI_ISL_100031				EPI346878 | A/Finland/192/2011	Europe / Finland / Etela-Suomen Laani		Y	Male			Sporadic			Nasopharyngeal														
